Rank,EntryId,EntryName,TimeRemaining,Points,Lineup,,Player,Roster Position,%Drafted,FPTS
1,5259002261,GoCards8587,0,147.5,1B LaMonte Wade Jr. 2B Javier Baez 3B Isaac Paredes C Carter Jensen OF Yordan Alvarez OF Jac Caglianone OF Taylor Trammell P Taj Bradley P Walbert Urena SS Jeremy Pena,,Taj Bradley,P,67.48%,24.15
2,5258293699,jjperry2408 (1/3),0,132.5,1B Spencer Torkelson 2B Gleyber Torres 3B Isaac Paredes C Yainer Diaz OF Yordan Alvarez OF Max Clark OF Daulton Varsho P Taj Bradley P Walbert Urena SS Jeremy Pena,,Sonny Gray,P,41.75%,16.65
3,5258982187,Seducer (2/6),0.67,129.2,1B Royce Lewis 2B Oswald Peraza 3B Isaac Paredes C Carter Jensen OF Yordan Alvarez OF Bryce Harper OF Daulton Varsho P Taj Bradley P Framber Valdez SS Jeremy Pena,,Yordan Alvarez,OF,32.52%,17
4,5258892285,Mark000 (2/2),0,126.5,1B Willson Contreras 2B Luis Arraez 3B Isaac Paredes C Adley Rutschman OF Yordan Alvarez OF Daulton Varsho OF Jahmai Jones P Taj Bradley P Walbert Urena SS Jeremy Pena,,Nolan McLean,P,28.64%,15.5
5,5258193284,giantsquid (2/2),0,123.5,1B Kyle Schwarber 2B Luis Arraez 3B Bryson Stott C Jake Rogers OF Yordan Alvarez OF Bryce Harper OF Daulton Varsho P Walbert Urena P Aaron Nola SS Trea Turner,,Carter Jensen,C,28.16%,12
6,5258137141,Firedog50 (6/6),0.67,122.65,1B Jared Young 2B Kody Clemens 3B Isaac Paredes C Carter Jensen OF Yordan Alvarez OF Cam Smith OF Taylor Trammell P Taj Bradley P Nolan McLean SS Jeremy Pena,,Juan Soto,OF,25.24%,4
7,5258359618,Varncass,0.67,122,1B Willson Contreras 2B Jose Altuve 3B Isaac Paredes C Moises Ballesteros OF Yordan Alvarez OF Daulton Varsho OF Jahmai Jones P Sonny Gray P Walbert Urena SS Jeremy Pena,,Walbert Urena,P,23.79%,31.35
8,5258462278,JSAM9995 (2/6),0,120.65,1B LaMonte Wade Jr. 2B Chase Meidroth 3B Miguel Vargas C Yainer Diaz OF Yordan Alvarez OF Daulton Varsho OF Taylor Trammell P Taj Bradley P Nolan McLean SS Corey Seager,,Tommy Pham,OF,22.82%,2
9,5258892284,Mark000 (1/2),0,120.5,1B LaMonte Wade Jr. 2B Luis Arraez 3B Kevin McGonigle C Dillon Dingler OF Riley Greene OF Max Clark OF Zach McKinstry P Taj Bradley P Walbert Urena SS Jeremy Pena,,Framber Valdez,P,21.36%,17.05
10,5258696150,benjdilla,0,116.5,1B Spencer Torkelson 2B Chase Meidroth 3B Isaac Paredes C Yainer Diaz OF Yordan Alvarez OF A.J. Ewing OF Cam Smith P Taj Bradley P Walbert Urena SS Jeremy Pena,,Willson Contreras,1B,20.87%,5
11,5258910874,tmarzy (2/2),0,114.65,1B LaMonte Wade Jr. 2B Jose Altuve 3B Maikel Garcia C Francisco Alvarez OF Yordan Alvarez OF Daulton Varsho OF Taylor Trammell P Taj Bradley P Nolan McLean SS Bobby Witt Jr.,,Bobby Witt Jr.,SS,20.39%,2
12,5258193283,giantsquid (1/2),2.68,113.5,1B Kyle Schwarber 2B Oswald Peraza 3B Bryson Stott C Moises Ballesteros OF Yordan Alvarez OF Mike Trout OF Josh Lowe P Walbert Urena P Aaron Nola SS Zach Neto,,Isaac Paredes,3B,20.39%,5
13,5258897653,blueswin,0.67,109.65,1B Munetaka Murakami 2B Nick Sogard 3B Denzer Guzman C Carter Jensen OF Kyle Schwarber OF Roman Anthony OF Justin Crawford P Walbert Urena P Erick Fedde SS Kevin McGonigle,,Jeremy Pena,SS,19.42%,19
14,5259032375,mlbbatterup,0.67,108.8,1B Spencer Torkelson 2B Gleyber Torres 3B Brooks Lee C Yainer Diaz OF Yordan Alvarez OF Max Clark OF Emmanuel Rodriguez P Taj Bradley P Sonny Gray SS Jeremy Pena,,Riley Greene,OF,19.42%,3
15,5258945087,MillionDollarPoker (3/3),0,107.8,1B Jared Young 2B Chase Meidroth 3B Isaac Paredes C Yainer Diaz OF Yordan Alvarez OF Randal Grichuk OF Daulton Varsho P Taj Bradley P Sonny Gray SS Jeremy Pena,,Francisco Lindor,SS,18.93%,2
16,5258729842,cliff123a,1.34,107.15,1B Josh Bell 2B Kody Clemens 3B Isaac Paredes C Carter Jensen OF Yordan Alvarez OF Daulton Varsho OF Javier Baez P Sonny Gray P Nolan McLean SS Jeremy Pena,,Michael Massey,2B,18.93%,0
17,5259015797,jpkrier (4/4),1.34,106.8,1B Josh Bell 2B Jose Altuve 3B Isaac Paredes C Carter Jensen OF Yordan Alvarez OF Luke Keaschall OF Emmanuel Rodriguez P Taj Bradley P Sonny Gray SS Trevor Story,,Yainer Diaz,C,18.93%,3
18,5258597982,mauricecaples (1/2),0,104.8,1B Willson Contreras 2B Chase Meidroth 3B Isaac Paredes C Adley Rutschman OF Yordan Alvarez OF Roman Anthony OF Tommy Pham P Taj Bradley P Sonny Gray SS Trevor Story,,Jac Caglianone,OF,17.48%,2
18,5258733254,UncleFrosty,0,104.8,1B Munetaka Murakami 2B Nick Sogard 3B Miguel Vargas C Adley Rutschman OF Roman Anthony OF Randal Grichuk OF Jahmai Jones P Taj Bradley P Sonny Gray SS Trevor Story,,Chase Meidroth,2B,17.48%,5
18,5258880220,s5clarey (2/2),0,104.8,1B Willson Contreras 2B Jose Altuve 3B Isaac Paredes C Adley Rutschman OF Wilyer Abreu OF Daulton Varsho OF Jahmai Jones P Taj Bradley P Sonny Gray SS Trevor Story,,Jared Young,1B,16.99%,0
18,5258910828,tmarzy (1/2),0,104.8,1B Brett Baty 2B Chase Meidroth 3B Miguel Vargas C Jake Rogers OF Yordan Alvarez OF Randal Grichuk OF Brenton Doyle P Taj Bradley P Sonny Gray SS Jeremy Pena,,Kody Clemens,2B,16.02%,5
22,5259076792,randyoliver799,0,104.5,1B Spencer Torkelson 2B Michael Massey 3B Kevin McGonigle C Dillon Dingler OF Riley Greene OF Max Clark OF Tommy Pham P Taj Bradley P Walbert Urena SS Jeremy Pena,,Emmanuel Rodriguez,OF,16.02%,0
23,5258658671,mhony19,0,103.85,1B Spencer Torkelson 2B Chase Meidroth 3B Miguel Vargas C Yainer Diaz OF Yordan Alvarez OF Randal Grichuk OF Tommy Pham P Nolan McLean P Walbert Urena SS Jeremy Pena,,Spencer Torkelson,1B,15.05%,5
24,5257964091,ivymoose (2/2),3.3500001,103.65,1B Josh Bell 2B Kody Clemens 3B Brooks Lee C Victor Caratini OF Yordan Alvarez OF Luke Keaschall OF Tommy Pham P Taj Bradley P Nolan McLean SS Jeremy Pena,,Luke Keaschall,OF,14.56%,3
25,5258677847,dean78904,0.67,103.3,1B Munetaka Murakami 2B Chase Meidroth 3B Miguel Vargas C Dillon Dingler OF Riley Greene OF Brandon Nimmo OF Max Clark P Taj Bradley P Aaron Nola SS Ben Ross,,Josh Bell,1B,14.56%,3
26,5258462282,JSAM9995 (6/6),1.34,103.2,1B Willson Contreras 2B Kody Clemens 3B Caleb Durbin C Adley Rutschman OF Yordan Alvarez OF Roman Anthony OF Luke Keaschall P Taj Bradley P Framber Valdez SS Trevor Story,,Max Clark,OF,14.56%,7
27,5258621564,andrewralbers (2/2),2.68,102.7,1B Josh Bell 2B Kody Clemens 3B Brooks Lee C Dillon Dingler OF Yordan Alvarez OF Luke Keaschall OF Cam Smith P Sonny Gray P Framber Valdez SS Jeremy Pena,,Jahmai Jones,OF,13.59%,2
28,5258061934,awen419 (1/6),3.3500001,102.3,1B Josh Bell 2B Kody Clemens 3B Brooks Lee C Victor Caratini OF Jac Caglianone OF Luke Keaschall OF Cam Smith P Taj Bradley P Aaron Nola SS Jeremy Pena,,Miguel Vargas,3B,13.59%,2
28,5258433358,dajohns8 (2/2),0,102.3,1B LaMonte Wade Jr. 2B Michael Massey 3B Maikel Garcia C Carter Jensen OF Yordan Alvarez OF Jac Caglianone OF Tommy Pham P Taj Bradley P Aaron Nola SS Bobby Witt Jr.,,Francisco Alvarez,C,13.11%,0
30,5258910145,chuckface8,2.01,101.85,1B Moises Ballesteros 2B Jose Altuve 3B Isaac Paredes C Yainer Diaz OF Yordan Alvarez OF Mike Trout OF Daulton Varsho P Nolan McLean P Walbert Urena SS Zach Neto,,Dillon Dingler,C,13.11%,5
30,5258784476,moklovin (3/6),0.67,101.85,1B Jake Burger 2B Nicky Lopez 3B Josh Jung C Carter Jensen OF Yordan Alvarez OF Wyatt Langford OF Brandon Nimmo P Nolan McLean P Walbert Urena SS Zach Neto,,Caleb Durbin,3B,12.62%,2
32,5258535281,misterpost,2.68,101.2,1B Josh Bell 2B Kody Clemens 3B Brooks Lee C Yainer Diaz OF Yordan Alvarez OF Luke Keaschall OF Emmanuel Rodriguez P Taj Bradley P Framber Valdez SS Jeremy Pena,,Jose Altuve,2B,12.14%,5
33,5258554622,cstcst (2/3),0,100.8,1B Salvador Perez 2B Jose Altuve 3B Maikel Garcia C Carter Jensen OF Carson Benge OF Daulton Varsho OF Taylor Trammell P Taj Bradley P Sonny Gray SS Kevin McGonigle,,Randal Grichuk,OF,12.14%,4
33,5258692708,LeftyE33 (4/5),0,100.8,1B Spencer Torkelson 2B Chase Meidroth 3B Isaac Paredes C Yainer Diaz OF Yordan Alvarez OF Randal Grichuk OF Jahmai Jones P Taj Bradley P Sonny Gray SS Jeremy Pena,,Brooks Lee,3B,11.65%,10
35,5259048056,solutionsports,1.34,100.3,1B Royce Lewis 2B Jose Altuve 3B Brooks Lee C Garrett Stubbs OF Juan Soto OF Yordan Alvarez OF Daulton Varsho P Taj Bradley P Aaron Nola SS Francisco Lindor,,Carson Benge,OF,11.17%,3
36,5257933954,T_revor,0,100.2,1B Salvador Perez 2B Michael Massey 3B Bryson Stott C Carter Jensen OF Juan Soto OF Yordan Alvarez OF Daulton Varsho P Taj Bradley P Framber Valdez SS Francisco Lindor,,A.J. Ewing,OF,11.17%,0
37,5258692723,LeftyE33 (5/5),0.67,99.8,1B Spencer Torkelson 2B Chase Meidroth 3B Isaac Paredes C Yainer Diaz OF Yordan Alvarez OF Luke Keaschall OF Tommy Pham P Taj Bradley P Sonny Gray SS Jeremy Pena,,Daulton Varsho,OF,10.68%,14
38,5258961860,msnow15,0,99.55,1B Willson Contreras 2B Jose Altuve 3B Isaac Paredes C Adley Rutschman OF Yordan Alvarez OF Roman Anthony OF Cam Smith P Nolan McLean P Framber Valdez SS Jeremy Pena,,Adley Rutschman,C,10.68%,5
39,5258802841,mnmranch2011,0,99.5,1B Kyle Schwarber 2B Chase Meidroth 3B Miguel Vargas C Yainer Diaz OF Randal Grichuk OF Max Clark OF Tommy Pham P Taj Bradley P Walbert Urena SS Jeremy Pena,,Aaron Nola,P,10.19%,24.15
39,5258842546,SkullandCrossbones,0,99.5,1B Willson Contreras 2B Chase Meidroth 3B Caleb Durbin C Dillon Dingler OF Riley Greene OF Carson Benge OF A.J. Ewing P Taj Bradley P Walbert Urena SS Trevor Story,,Luis Arraez,2B,10.19%,4
41,5258267777,phildo76 (6/6),0,99.2,1B Willson Contreras 2B Gleyber Torres 3B Kevin McGonigle C Adley Rutschman OF Wilyer Abreu OF Riley Greene OF Jahmai Jones P Taj Bradley P Framber Valdez SS Trevor Story,,Maikel Garcia,3B,10.19%,0
42,5258778853,Yappin01,0,98.8,1B Willson Contreras 2B Jose Altuve 3B Isaac Paredes C Yainer Diaz OF Yordan Alvarez OF Jahmai Jones OF Tommy Pham P Taj Bradley P Sonny Gray SS Jeremy Pena,,Kevin McGonigle,3B,10.19%,8
43,5258982190,Seducer (5/6),1.34,97.65,1B Willson Contreras 2B Kody Clemens 3B Caleb Durbin C Adley Rutschman OF Roman Anthony OF Wyatt Langford OF Josh Lowe P Taj Bradley P Nolan McLean SS Trevor Story,,Roman Anthony,OF,10.19%,4
44,5258958616,gatorback,0,97.5,1B Salvador Perez 2B Michael Massey 3B Isaac Paredes C Carter Jensen OF Jac Caglianone OF Max Clark OF Daulton Varsho P Taj Bradley P Walbert Urena SS Bobby Witt Jr.,,Kevin McGonigle,SS,8.74%,8
45,5258196086,Danimalnicksic,0.67,97.1,1B Josh Bell 2B Jose Altuve 3B Miguel Vargas C Yainer Diaz OF Yordan Alvarez OF Carson Benge OF Randal Grichuk P Taj Bradley P Ethan Pecko SS Jeremy Pena,,Kyle Schwarber,1B,8.74%,2
46,5258803149,j-wolf05,0,96.8,1B Kyle Schwarber 2B Luis Arraez 3B Bryson Stott C Yainer Diaz OF Bryce Harper OF Brandon Marsh OF Emmanuel Rodriguez P Sonny Gray P Aaron Nola SS Jeremy Pena,,Bryce Harper,OF,8.25%,13
47,5258857993,kettyskrazies,0.67,96.3,1B Alec Bohm 2B Kody Clemens 3B Maikel Garcia C Carter Jensen OF Yordan Alvarez OF John Rave OF Tommy Pham P Taj Bradley P Aaron Nola SS Bobby Witt Jr.,,Trevor Story,SS,8.25%,21
48,5258927369,nickytheeye (1/2),0,96.2,1B Jared Young 2B Jose Altuve 3B Isaac Paredes C Yainer Diaz OF Juan Soto OF Yordan Alvarez OF Jahmai Jones P Taj Bradley P Framber Valdez SS Jeremy Pena,,Salvador Perez,1B,7.77%,0
49,5258517685,LeVerticalDFS (5/6),0,96.1,1B Kyle Schwarber 2B Luis Arraez 3B Isaac Paredes C Yainer Diaz OF Yordan Alvarez OF Bryce Harper OF Brandon Marsh P Taj Bradley P Ethan Pecko SS Trea Turner,,Bo Bichette,3B,7.77%,3
50,5258995292,jamesrod0722,0,96,1B Willson Contreras 2B Michael Massey 3B Miguel Vargas C Carter Jensen OF Max Clark OF Daulton Varsho OF Emmanuel Rodriguez P Sonny Gray P Walbert Urena SS Kevin McGonigle,,Zach Neto,SS,7.28%,0
51,5258109852,alexanderbricks,0,95.8,1B Willson Contreras 2B Javier Baez 3B Isaac Paredes C Francisco Alvarez OF Juan Soto OF Yordan Alvarez OF Nick Morabito P Taj Bradley P Sonny Gray SS Trevor Story,,Wilyer Abreu,OF,7.28%,7
52,5259021957,Ilosemoney123,0,95.7,1B Willson Contreras 2B Jose Altuve 3B Caleb Durbin C Adley Rutschman OF Yordan Alvarez OF Wilyer Abreu OF Jahmai Jones P Sonny Gray P Framber Valdez SS Jeremy Pena,,Trea Turner,SS,6.80%,6
53,5258775199,ostedra (2/2),0,95.45,1B Willson Contreras 2B Jose Altuve 3B Kevin McGonigle C Yainer Diaz OF Wilyer Abreu OF Roman Anthony OF Jahmai Jones P Taj Bradley P Erick Fedde SS Trevor Story,,Gleyber Torres,2B,6.80%,7
54,5258430967,hasnb47,0.67,94.8,1B Spencer Torkelson 2B Kody Clemens 3B Kevin McGonigle C Adley Rutschman OF Carson Benge OF A.J. Ewing OF Max Clark P Taj Bradley P Sonny Gray SS Trevor Story,,Bryson Stott,3B,5.83%,10
55,5258806629,lids344 (1/2),0,94.5,1B Spencer Torkelson 2B Brett Baty 3B Isaac Paredes C Francisco Alvarez OF Juan Soto OF Yordan Alvarez OF Tommy Pham P Taj Bradley P Walbert Urena SS Francisco Lindor,,Javier Baez,2B,5.83%,0
56,5258753953,Tugcaptain1970 (2/2),0,94.15,1B Spencer Torkelson 2B Chase Meidroth 3B Caleb Durbin C Dillon Dingler OF Wilyer Abreu OF Daulton Varsho OF Brandon Marsh P Sonny Gray P Nolan McLean SS Jeremy Pena,,Mike Trout,OF,5.83%,4
57,5258992209,mitchellmorse30 (6/6),0,94,1B Willson Contreras 2B Chase Meidroth 3B Caleb Durbin C Adley Rutschman OF Juan Soto OF Kyle Schwarber OF Jahmai Jones P Sonny Gray P Walbert Urena SS Trevor Story,,Kyle Schwarber,OF,5.83%,2
58,5258137136,Firedog50 (1/6),0,93.8,1B Willson Contreras 2B Jose Altuve 3B Isaac Paredes C Yainer Diaz OF Yordan Alvarez OF Daulton Varsho OF Tommy Pham P Taj Bradley P Sonny Gray SS Francisco Lindor,,Nick Sogard,2B,4.85%,0
58,5258333119,totoroll33,0,93.8,1B Willson Contreras 2B Michael Massey 3B Isaac Paredes C Yainer Diaz OF Yordan Alvarez OF Randal Grichuk OF Emmanuel Rodriguez P Taj Bradley P Sonny Gray SS Jeremy Pena,,Royce Lewis,1B,4.85%,0
60,5258963373,dbick,0,93.5,1B Willson Contreras 2B Nick Sogard 3B Caleb Durbin C Francisco Alvarez OF Wilyer Abreu OF Riley Greene OF Tommy Pham P Taj Bradley P Walbert Urena SS Jeremy Pena,,Moises Ballesteros,C,4.85%,7
61,5258982191,Seducer (6/6),1.34,93.399994,1B Salvador Perez 2B Michael Massey 3B Brooks Lee C Carter Jensen OF Yordan Alvarez OF Mike Trout OF Isaac Collins P Walbert Urena P Framber Valdez SS Bobby Witt Jr.,,Brett Baty,2B,4.85%,4
62,5258984878,mattromo24,0.67,93,1B Jared Young 2B Chase Meidroth 3B Miguel Vargas C Moises Ballesteros OF Kyle Schwarber OF Roman Anthony OF Randal Grichuk P Sonny Gray P Walbert Urena SS Trevor Story,,Corey Seager,SS,4.37%,3
63,5258764792,ostedra (1/2),0,92.85,1B Jared Young 2B Gleyber Torres 3B Kevin McGonigle C Dillon Dingler OF Yordan Alvarez OF Riley Greene OF Nick Morabito P Nolan McLean P Walbert Urena SS John Peck,,John Rave,OF,4.37%,7
64,5259027409,Trollse,0,92.8,1B Willson Contreras 2B Nick Sogard 3B Caleb Durbin C Yainer Diaz OF Yordan Alvarez OF Kyle Schwarber OF Tommy Pham P Taj Bradley P Sonny Gray SS Trevor Story,,Wyatt Langford,OF,4.37%,6
65,5258907364,TheDogSays (2/2),2.68,92.15,1B Josh Bell 2B Kody Clemens 3B Brooks Lee C Yainer Diaz OF Yordan Alvarez OF Luke Keaschall OF Emmanuel Rodriguez P Sonny Gray P Nolan McLean SS Jeremy Pena,,Victor Caratini,C,3.88%,5
66,5258741458,nvachani (5/6),0,91.8,1B Jared Young 2B Jose Altuve 3B Isaac Paredes C Yainer Diaz OF Juan Soto OF Daulton Varsho OF Taylor Trammell P Taj Bradley P Sonny Gray SS Francisco Lindor,,Jake Rogers,C,3.88%,2
67,5258462279,JSAM9995 (3/6),1.34,91.65,1B Royce Lewis 2B Jose Altuve 3B Isaac Paredes C Yainer Diaz OF Yordan Alvarez OF Luke Keaschall OF Emmanuel Rodriguez P Nolan McLean P Aaron Nola SS Jeremy Pena,,Seth Lugo,P,3.88%,7.85
68,5258992207,mitchellmorse30 (4/6),0,91.399994,1B Jared Young 2B Michael Massey 3B Bo Bichette C Carter Jensen OF Yordan Alvarez OF Jac Caglianone OF John Rave P Walbert Urena P Framber Valdez SS Bobby Witt Jr.,,Josh Jung,3B,3.88%,14
69,5258061939,awen419 (6/6),2.01,91.3,1B Royce Lewis 2B Luis Arraez 3B Bryson Stott C Victor Caratini OF Kyle Schwarber OF Bryce Harper OF Luke Keaschall P Taj Bradley P Aaron Nola SS Trea Turner,,Isaac Collins,OF,3.40%,0
70,5258267776,phildo76 (5/6),3.3500001,91,1B Willson Contreras 2B Chase Meidroth 3B Denzer Guzman C Moises Ballesteros OF Wilyer Abreu OF Mike Trout OF Josh Lowe P Sonny Gray P Walbert Urena SS Zach Neto,,Zach McKinstry,OF,3.40%,0
71,5258929241,jjworld86,0,90.65,1B Willson Contreras 2B Chase Meidroth 3B Miguel Vargas C Adley Rutschman OF Wilyer Abreu OF Randal Grichuk OF Tommy Pham P Taj Bradley P Nolan McLean SS Trevor Story,,Cam Smith,OF,2.91%,7
72,5258377005,gordylamb,0,90.5,1B Spencer Torkelson 2B Gleyber Torres 3B Maikel Garcia C Carter Jensen OF Riley Greene OF Isaac Collins OF Zach McKinstry P Taj Bradley P Walbert Urena SS Kevin McGonigle,,Taylor Trammell,OF,2.91%,18
72,5258657122,markandrewbray,0,90.5,1B Spencer Torkelson 2B Chase Meidroth 3B Maikel Garcia C Carter Jensen OF Kyle Schwarber OF Max Clark OF Tommy Pham P Taj Bradley P Walbert Urena SS Francisco Lindor,,Ezequiel Duran,3B,2.43%,0
72,5258741455,nvachani (2/6),0,90.5,1B Kyle Schwarber 2B Luis Arraez 3B Miguel Vargas C Jake Rogers OF Bryce Harper OF Randal Grichuk OF Tommy Pham P Taj Bradley P Walbert Urena SS Trea Turner,,Brandon Marsh,OF,2.43%,5
75,5258554623,cstcst (3/3),0,89.8,1B Jared Young 2B Brett Baty 3B Bo Bichette C Yainer Diaz OF Yordan Alvarez OF Carson Benge OF A.J. Ewing P Taj Bradley P Sonny Gray SS Jeremy Pena,,Justin Crawford,OF,2.43%,5
76,5258824115,Patriot721,2.01,89.65,1B Willson Contreras 2B Javier Baez 3B Caleb Durbin C Carter Jensen OF Yordan Alvarez OF Mike Trout OF Luke Keaschall P Taj Bradley P Nolan McLean SS Ben Ross,,LaMonte Wade Jr.,1B,2.43%,19
77,5259042923,mcw516,2.01,89.399994,1B Moises Ballesteros 2B Gleyber Torres 3B Kevin McGonigle C Dillon Dingler OF Mike Trout OF Riley Greene OF Max Clark P Walbert Urena P Framber Valdez SS Zach Neto,,Brett Baty,1B,2.43%,4
78,5258992208,mitchellmorse30 (5/6),3.3500001,89.2,1B Josh Bell 2B Kody Clemens 3B Brooks Lee C Victor Caratini OF Yordan Alvarez OF Carson Benge OF Luke Keaschall P Taj Bradley P Framber Valdez SS Francisco Lindor,,Jarren Duran,OF,1.94%,0
79,5258202719,Tugcaptain1970 (1/2),0,89.15,1B Spencer Torkelson 2B Chase Meidroth 3B Caleb Durbin C Dillon Dingler OF Wilyer Abreu OF A.J. Ewing OF Daulton Varsho P Sonny Gray P Nolan McLean SS Jeremy Pena,,Nick Morabito,OF,1.94%,3
80,5258659001,snowsnlabs,0,88.5,1B Willson Contreras 2B Nick Sogard 3B Josh Jung C Adley Rutschman OF Wyatt Langford OF Ezequiel Duran OF Brandon Nimmo P Taj Bradley P Walbert Urena SS Corey Seager,,Garrett Stubbs,C,1.94%,0
80,5258888321,AJTruth33 (2/2),0,88.5,1B Spencer Torkelson 2B Chase Meidroth 3B Miguel Vargas C Jake Rogers OF Juan Soto OF Brenton Doyle OF Tommy Pham P Taj Bradley P Walbert Urena SS Francisco Lindor,,Brenton Doyle,OF,1.94%,11
80,5258907363,TheDogSays (1/2),0,88.5,1B Kyle Schwarber 2B Luis Arraez 3B Miguel Vargas C Garrett Stubbs OF Bryce Harper OF Randal Grichuk OF Tommy Pham P Taj Bradley P Walbert Urena SS Trea Turner,,John Peck,SS,1.94%,3
80,5258933872,LesterNygaard,0,88.5,1B Jared Young 2B Michael Massey 3B Bryson Stott C Carter Jensen OF Jac Caglianone OF A.J. Ewing OF Max Clark P Taj Bradley P Walbert Urena SS Bobby Witt Jr.,,Brandon Nimmo,OF,1.94%,0
84,5258540486,SoccerGeek23 (1/3),0,88.2,1B Jared Young 2B Jose Altuve 3B Isaac Paredes C Francisco Alvarez OF Juan Soto OF Yordan Alvarez OF Daulton Varsho P Taj Bradley P Framber Valdez SS Francisco Lindor,,Nicky Lopez,2B,1.46%,2
85,5258945086,MillionDollarPoker (2/3),0.67,88.15,1B Jared Young 2B Jose Altuve 3B Isaac Paredes C Yainer Diaz OF Yordan Alvarez OF Luke Keaschall OF Randal Grichuk P Sonny Gray P Nolan McLean SS Jeremy Pena,,Oswald Peraza,2B,1.46%,8
86,5258721146,jjames1989,0.67,87.8,1B Willson Contreras 2B Kody Clemens 3B Caleb Durbin C Yainer Diaz OF Wilyer Abreu OF Roman Anthony OF Emmanuel Rodriguez P Taj Bradley P Sonny Gray SS Trevor Story,,Josh Lowe,OF,1.46%,10
86,5258554621,cstcst (1/3),0,87.8,1B Jared Young 2B Brett Baty 3B Maikel Garcia C Yainer Diaz OF Yordan Alvarez OF Jac Caglianone OF Jahmai Jones P Taj Bradley P Sonny Gray SS Jeremy Pena,,Ethan Pecko,P,1.46%,16.95
88,5258885365,marcsnichols (3/3),0,87.5,1B Spencer Torkelson 2B Michael Massey 3B Caleb Durbin C Dillon Dingler OF Jac Caglianone OF Riley Greene OF Max Clark P Walbert Urena P Aaron Nola SS Kevin McGonigle,,Denzer Guzman,3B,1.46%,5
89,5258137138,Firedog50 (3/6),2.68,86.8,1B Josh Bell 2B Kody Clemens 3B Brooks Lee C Yainer Diaz OF Riley Greene OF Luke Keaschall OF Emmanuel Rodriguez P Taj Bradley P Sonny Gray SS Jeremy Pena,,Jake Burger,1B,1.46%,4
90,5258849435,swartzy444,1.34,86.7,1B Josh Bell 2B Kody Clemens 3B Kevin McGonigle C Adley Rutschman OF Wilyer Abreu OF Roman Anthony OF Jahmai Jones P Sonny Gray P Framber Valdez SS Jeremy Pena,,Munetaka Murakami,1B,1.46%,26
91,5258293701,jjperry2408 (3/3),0,85.65,1B Jake Burger 2B Gleyber Torres 3B Josh Jung C Dillon Dingler OF Wyatt Langford OF Ezequiel Duran OF Max Clark P Taj Bradley P Nolan McLean SS Corey Seager,,Maikel Garcia,SS,1.46%,0
92,5258437802,frieden47,0,85.399994,1B Spencer Torkelson 2B Nick Sogard 3B Miguel Vargas C Carter Jensen OF Riley Greene OF A.J. Ewing OF Cam Smith P Walbert Urena P Framber Valdez SS Kevin McGonigle,,Erick Fedde,P,1.46%,16.3
93,5258256944,ocdobv (1/2),0,85.3,1B Kyle Schwarber 2B Luis Arraez 3B Miguel Vargas C Yainer Diaz OF Bryce Harper OF Brandon Marsh OF Tommy Pham P Taj Bradley P Aaron Nola SS Trea Turner,,Luisangel Acuna,SS,1.46%,0
94,5258462277,JSAM9995 (1/6),5.36,85.15,1B Royce Lewis 2B Kody Clemens 3B Brooks Lee C Moises Ballesteros OF Mike Trout OF Luke Keaschall OF Walker Jenkins P Sonny Gray P Nolan McLean SS Zach Neto,,Danny Jansen,C,0.97%,8
95,5259031101,gdl23,0,84.8,1B Kyle Schwarber 2B Luis Arraez 3B Isaac Paredes C Carter Jensen OF Bryce Harper OF Emmanuel Rodriguez OF Tommy Pham P Taj Bradley P Sonny Gray SS Trea Turner,,Wade Meckler,OF,0.97%,5
96,5258616400,yankeeblue,3.3500001,84.399994,1B Vaughn Grissom 2B Gleyber Torres 3B Kevin McGonigle C Carter Jensen OF Mike Trout OF Wade Meckler OF Jose Siri P Walbert Urena P Framber Valdez SS Zach Neto,,Jose Siri,OF,0.97%,0
97,5258254874,amishrifle028,0,83.5,1B Jared Young 2B Gleyber Torres 3B Miguel Vargas C Dillon Dingler OF Ezequiel Duran OF Randal Grichuk OF Tommy Pham P Taj Bradley P Walbert Urena SS Kevin McGonigle,,Ben Ross,SS,0.97%,7
98,5258141856,OneDropKing (1/6),0,83.399994,1B Kyle Schwarber 2B Luis Arraez 3B Bo Bichette C Garrett Stubbs OF Juan Soto OF Bryce Harper OF Carson Benge P Walbert Urena P Framber Valdez SS Trea Turner,,Alec Bohm,1B,0.97%,3
99,5258683879,LeftyE33 (3/5),0,83.2,1B Willson Contreras 2B Michael Massey 3B Maikel Garcia C Carter Jensen OF Jac Caglianone OF Max Clark OF Daulton Varsho P Taj Bradley P Framber Valdez SS Bobby Witt Jr.,,Nick Sogard,1B,0.97%,0
99,5258969457,Ztrain2020,0,83.2,1B Spencer Torkelson 2B Jose Altuve 3B Isaac Paredes C Dillon Dingler OF Yordan Alvarez OF Riley Greene OF Jahmai Jones P Taj Bradley P Framber Valdez SS Maikel Garcia,,Moises Ballesteros,1B,0.97%,7
101,5258141857,OneDropKing (2/6),0,82.8,1B Kyle Schwarber 2B Luis Arraez 3B Bryson Stott C Carter Jensen OF Brandon Marsh OF Justin Crawford OF Jahmai Jones P Taj Bradley P Sonny Gray SS Bobby Witt Jr.,,Walker Jenkins,OF,0.49%,24
102,5258061937,awen419 (4/6),2.01,82.2,1B Josh Bell 2B Kody Clemens 3B Brooks Lee C Carter Jensen OF Jac Caglianone OF John Rave OF Emmanuel Rodriguez P Taj Bradley P Framber Valdez SS Bobby Witt Jr.,,Vaughn Grissom,1B,0.49%,0
103,5258462281,JSAM9995 (5/6),0,81.85,1B Jake Burger 2B Michael Massey 3B Josh Jung C Carter Jensen OF Jac Caglianone OF Ezequiel Duran OF Brandon Nimmo P Nolan McLean P Walbert Urena SS Corey Seager,,Javier Baez,OF,0.49%,0
104,5259000042,jpkrier (1/4),0.67,81.8,1B Jared Young 2B Kody Clemens 3B Bo Bichette C Dillon Dingler OF Juan Soto OF Carson Benge OF Emmanuel Rodriguez P Taj Bradley P Sonny Gray SS Trevor Story,,Kyle Isbel,OF,0.49%,0
105,5258885363,marcsnichols (1/3),0.67,81.5,1B Nick Sogard 2B Chase Meidroth 3B Miguel Vargas C Moises Ballesteros OF Juan Soto OF Randal Grichuk OF Tommy Pham P Taj Bradley P Walbert Urena SS Francisco Lindor,,Tyler Heineman,C,0.49%,0
106,5258029895,goldengoat29,0,81.2,1B Spencer Torkelson 2B Javier Baez 3B Bryson Stott C Yainer Diaz OF Juan Soto OF Riley Greene OF Max Clark P Taj Bradley P Framber Valdez SS Kevin McGonigle,,,
107,5258823899,jhiller555,0,80.85,1B Willson Contreras 2B Chase Meidroth 3B Isaac Paredes C Yainer Diaz OF Riley Greene OF Carson Benge OF Max Clark P Nolan McLean P Walbert Urena SS Corey Seager,,,
108,5258881659,AJTruth33 (1/2),2.68,80.8,1B Kyle Schwarber 2B Oswald Peraza 3B Isaac Paredes C Moises Ballesteros OF Bryce Harper OF Wade Meckler OF Jose Siri P Sonny Gray P Aaron Nola SS Zach Neto,,,
108,5259000182,jpkrier (2/4),2.01,80.8,1B Josh Bell 2B Michael Massey 3B Brooks Lee C Yainer Diaz OF Yordan Alvarez OF Luke Keaschall OF Tommy Pham P Taj Bradley P Sonny Gray SS Bobby Witt Jr.,,,
108,5258498093,PooGazoo,0.67,80.8,1B Willson Contreras 2B Kody Clemens 3B Isaac Paredes C Francisco Alvarez OF Juan Soto OF Emmanuel Rodriguez OF Tommy Pham P Taj Bradley P Sonny Gray SS Jeremy Pena,,,
111,5259077512,squirrelpatroldk,0,80,1B Kyle Schwarber 2B Luis Arraez 3B Bryson Stott C Dillon Dingler OF Juan Soto OF Nick Morabito OF Tommy Pham P Sonny Gray P Walbert Urena SS Francisco Lindor,,,
112,5258621563,andrewralbers (1/2),2.68,79.8,1B Spencer Torkelson 2B Kody Clemens 3B Brooks Lee C Victor Caratini OF Riley Greene OF Luke Keaschall OF Zach McKinstry P Taj Bradley P Sonny Gray SS Kevin McGonigle,,,
113,5258061938,awen419 (5/6),0,79.5,1B Salvador Perez 2B Michael Massey 3B Ezequiel Duran C Yainer Diaz OF Yordan Alvarez OF Jac Caglianone OF Isaac Collins P Walbert Urena P Aaron Nola SS Bobby Witt Jr.,,,
114,5259054462,lids344 (2/2),0,79,1B Kyle Schwarber 2B Chase Meidroth 3B Josh Jung C Francisco Alvarez OF Jac Caglianone OF Bryce Harper OF Justin Crawford P Taj Bradley P Seth Lugo SS Trea Turner,,,
115,5258784478,moklovin (5/6),0,78.3,1B Spencer Torkelson 2B Chase Meidroth 3B Miguel Vargas C Dillon Dingler OF Riley Greene OF Zach McKinstry OF Tommy Pham P Taj Bradley P Aaron Nola SS Kevin McGonigle,,,
116,5258256945,ocdobv (2/2),2.68,78.2,1B Josh Bell 2B Kody Clemens 3B Brooks Lee C Carter Jensen OF Jac Caglianone OF Luke Keaschall OF Emmanuel Rodriguez P Taj Bradley P Framber Valdez SS Bobby Witt Jr.,,,
116,5258267774,phildo76 (3/6),2.68,78.2,1B Josh Bell 2B Kody Clemens 3B Brooks Lee C Carter Jensen OF Jac Caglianone OF Luke Keaschall OF Emmanuel Rodriguez P Taj Bradley P Framber Valdez SS Bobby Witt Jr.,,,
118,5258741459,nvachani (6/6),0.67,77.85,1B Spencer Torkelson 2B Gleyber Torres 3B Miguel Vargas C Dillon Dingler OF Riley Greene OF Max Clark OF Tommy Pham P Nolan McLean P Walbert Urena SS Zach Neto,,,
119,5258769424,meatbox36,0,77.8,1B Spencer Torkelson 2B Chase Meidroth 3B Miguel Vargas C Dillon Dingler OF Riley Greene OF Max Clark OF Tommy Pham P Sonny Gray P Aaron Nola SS Kevin McGonigle,,,
120,5258890454,lockeruge,3.3500001,77.55,1B Josh Bell 2B Jose Altuve 3B Denzer Guzman C Moises Ballesteros OF Yordan Alvarez OF Mike Trout OF Roman Anthony P Nolan McLean P Framber Valdez SS Zach Neto,,,
120,5258992204,mitchellmorse30 (1/6),0,77.55,1B Jared Young 2B Michael Massey 3B Isaac Paredes C Carter Jensen OF Yordan Alvarez OF Jac Caglianone OF John Rave P Nolan McLean P Framber Valdez SS Bobby Witt Jr.,,,
122,5258517682,LeVerticalDFS (2/6),0,77.2,1B Brett Baty 2B Luis Arraez 3B Bo Bichette C Garrett Stubbs OF Juan Soto OF Kyle Schwarber OF Bryce Harper P Taj Bradley P Framber Valdez SS Trea Turner,,,
123,5258517681,LeVerticalDFS (1/6),0,77,1B Jared Young 2B Brett Baty 3B Bo Bichette C Carter Jensen OF Juan Soto OF Bryce Harper OF Carson Benge P Taj Bradley P Seth Lugo SS Trea Turner,,,
124,5258141860,OneDropKing (5/6),0,76.8,1B Kyle Schwarber 2B Luis Arraez 3B Miguel Vargas C Jake Rogers OF Bryce Harper OF Justin Crawford OF Tommy Pham P Taj Bradley P Sonny Gray SS Trea Turner,,,
124,5258701598,dukedog71,0,76.8,1B Brett Baty 2B Javier Baez 3B Caleb Durbin C Francisco Alvarez OF Juan Soto OF Yordan Alvarez OF Max Clark P Taj Bradley P Sonny Gray SS Francisco Lindor,,,
126,5258784479,moklovin (6/6),0,76.2,1B Willson Contreras 2B Gleyber Torres 3B Caleb Durbin C Adley Rutschman OF Wilyer Abreu OF Wyatt Langford OF Jarren Duran P Taj Bradley P Framber Valdez SS Corey Seager,,,
127,5259037042,uptown202,0,76.1,1B Kyle Schwarber 2B Brett Baty 3B Bryson Stott C Francisco Alvarez OF Juan Soto OF Bryce Harper OF A.J. Ewing P Taj Bradley P Ethan Pecko SS Francisco Lindor,,,
128,5258926386,bettisnikko,0.67,75.8,1B Josh Bell 2B Michael Massey 3B Caleb Durbin C Carter Jensen OF Riley Greene OF A.J. Ewing OF Max Clark P Taj Bradley P Sonny Gray SS Kevin McGonigle,,,
128,5258462280,JSAM9995 (4/6),0,75.8,1B Spencer Torkelson 2B Chase Meidroth 3B Kevin McGonigle C Dillon Dingler OF Riley Greene OF Randal Grichuk OF Tommy Pham P Taj Bradley P Sonny Gray SS John Peck,,,
130,5258267775,phildo76 (4/6),1.34,75.65,1B Josh Bell 2B Michael Massey 3B Brooks Lee C Carter Jensen OF Jac Caglianone OF John Rave OF Emmanuel Rodriguez P Taj Bradley P Nolan McLean SS Bobby Witt Jr.,,,
130,5258982189,Seducer (4/6),1.34,75.65,1B Royce Lewis 2B Chase Meidroth 3B Miguel Vargas C Moises Ballesteros OF Yordan Alvarez OF Riley Greene OF Tommy Pham P Taj Bradley P Nolan McLean SS Luisangel Acuna,,,
130,5258784474,moklovin (1/6),0,75.65,1B Jared Young 2B Nicky Lopez 3B Josh Jung C Danny Jansen OF Juan Soto OF Wyatt Langford OF Ezequiel Duran P Taj Bradley P Nolan McLean SS Francisco Lindor,,,
130,5259005025,locusts0412,0,75.65,1B Spencer Torkelson 2B Chase Meidroth 3B Kevin McGonigle C Adley Rutschman OF Riley Greene OF Jarren Duran OF Max Clark P Taj Bradley P Nolan McLean SS John Peck,,,
134,5258646878,mikeyspivak,0.67,75.399994,1B Spencer Torkelson 2B Michael Massey 3B Kevin McGonigle C Francisco Alvarez OF Juan Soto OF Riley Greene OF Max Clark P Walbert Urena P Framber Valdez SS Zach Neto,,,
135,5258743220,adehesou69,0.67,75.2,1B Salvador Perez 2B Jose Altuve 3B Ezequiel Duran C Francisco Alvarez OF Yordan Alvarez OF Luke Keaschall OF Max Clark P Taj Bradley P Framber Valdez SS Bobby Witt Jr.,,,
136,5258927370,nickytheeye (2/2),0,75.15,1B Salvador Perez 2B Jose Altuve 3B Isaac Paredes C Carter Jensen OF Yordan Alvarez OF Kyle Isbel OF Jahmai Jones P Sonny Gray P Nolan McLean SS Bobby Witt Jr.,,,
137,5258141859,OneDropKing (4/6),1.34,75,1B Willson Contreras 2B Jose Altuve 3B Caleb Durbin C Adley Rutschman OF Mike Trout OF Roman Anthony OF Jahmai Jones P Sonny Gray P Walbert Urena SS Zach Neto,,,
137,5258283469,builtforspeed6315,0.67,75,1B Josh Bell 2B Luis Arraez 3B Josh Jung C Carter Jensen OF Kyle Schwarber OF Wyatt Langford OF Emmanuel Rodriguez P Taj Bradley P Seth Lugo SS Bobby Witt Jr.,,,
139,5258960692,wolfdog1221,0.67,74.8,1B Josh Bell 2B Luis Arraez 3B Isaac Paredes C Carter Jensen OF Wilyer Abreu OF A.J. Ewing OF Emmanuel Rodriguez P Taj Bradley P Sonny Gray SS Corey Seager,,,
139,5258741457,nvachani (4/6),0,74.8,1B Willson Contreras 2B Michael Massey 3B Caleb Durbin C Carter Jensen OF Wilyer Abreu OF Roman Anthony OF Jahmai Jones P Sonny Gray P Aaron Nola SS Bobby Witt Jr.,,,
139,5258783722,Donjazzy7,0,74.8,1B Jared Young 2B Brett Baty 3B Isaac Paredes C Francisco Alvarez OF Juan Soto OF Yordan Alvarez OF Tommy Pham P Taj Bradley P Sonny Gray SS Francisco Lindor,,,
139,5258812337,jlavelle,0,74.8,1B Spencer Torkelson 2B Chase Meidroth 3B Miguel Vargas C Dillon Dingler OF Riley Greene OF Randal Grichuk OF Tommy Pham P Sonny Gray P Aaron Nola SS Kevin McGonigle,,,
143,5259014997,zvolm1012,2.68,74.3,1B Josh Bell 2B Kody Clemens 3B Miguel Vargas C Victor Caratini OF Kyle Schwarber OF Luke Keaschall OF Emmanuel Rodriguez P Taj Bradley P Aaron Nola SS Trea Turner,,,
144,5258620655,cpamike,0,74.2,1B Willson Contreras 2B Chase Meidroth 3B Kevin McGonigle C Yainer Diaz OF Kyle Schwarber OF Riley Greene OF Randal Grichuk P Aaron Nola P Framber Valdez SS Corey Seager,,,
145,5258137137,Firedog50 (2/6),0,73.8,1B Salvador Perez 2B Michael Massey 3B Maikel Garcia C Carter Jensen OF Yordan Alvarez OF Emmanuel Rodriguez OF Jahmai Jones P Taj Bradley P Sonny Gray SS Bobby Witt Jr.,,,
145,5258757817,aaronwhite41,0,73.8,1B Willson Contreras 2B Luis Arraez 3B Maikel Garcia C Carter Jensen OF Carson Benge OF Max Clark OF Emmanuel Rodriguez P Taj Bradley P Sonny Gray SS Francisco Lindor,,,
147,5258759937,endlessmike03,0,73.2,1B Salvador Perez 2B Michael Massey 3B Maikel Garcia C Carter Jensen OF Jac Caglianone OF Riley Greene OF Max Clark P Taj Bradley P Framber Valdez SS Kevin McGonigle,,,
148,5258821427,Mothershed77,1.34,72.8,1B Josh Bell 2B Luis Arraez 3B Caleb Durbin C Carter Jensen OF Juan Soto OF Max Clark OF Emmanuel Rodriguez P Taj Bradley P Sonny Gray SS Zach Neto,,,
149,5258939166,bsmallz12,0,72.399994,1B Nick Sogard 2B Michael Massey 3B Ezequiel Duran C Carter Jensen OF Wilyer Abreu OF Riley Greene OF A.J. Ewing P Walbert Urena P Framber Valdez SS Bobby Witt Jr.,,,
150,5258061936,awen419 (3/6),2.68,72.15,1B Josh Bell 2B Kody Clemens 3B Brooks Lee C Francisco Alvarez OF Yordan Alvarez OF Luke Keaschall OF Emmanuel Rodriguez P Sonny Gray P Nolan McLean SS Francisco Lindor,,,
151,5258433357,dajohns8 (1/2),0,71.85,1B Willson Contreras 2B Brett Baty 3B Caleb Durbin C Adley Rutschman OF Juan Soto OF Carson Benge OF A.J. Ewing P Nolan McLean P Walbert Urena SS Francisco Lindor,,,
152,5258589469,ckpetros,0.67,71.8,1B Spencer Torkelson 2B Kody Clemens 3B Kevin McGonigle C Francisco Alvarez OF Riley Greene OF A.J. Ewing OF Max Clark P Taj Bradley P Sonny Gray SS John Peck,,,
153,5258797800,mauricecaples (2/2),0,71.65,1B Jared Young 2B Gleyber Torres 3B Maikel Garcia C Carter Jensen OF Jac Caglianone OF John Rave OF Tommy Pham P Taj Bradley P Nolan McLean SS Bobby Witt Jr.,,,
153,5258945119,jbishop3258,0,71.65,1B Salvador Perez 2B Chase Meidroth 3B Isaac Paredes C Carter Jensen OF Jac Caglianone OF Randal Grichuk OF Tommy Pham P Taj Bradley P Nolan McLean SS Bobby Witt Jr.,,,
153,5259050790,Bignash619,0,71.65,1B Jared Young 2B Michael Massey 3B Caleb Durbin C Carter Jensen OF Jac Caglianone OF Carson Benge OF Brenton Doyle P Taj Bradley P Nolan McLean SS Bobby Witt Jr.,,,
156,5258891200,Noodled11,0,71,1B Willson Contreras 2B Javier Baez 3B Kevin McGonigle C Dillon Dingler OF Kyle Schwarber OF Riley Greene OF Zach McKinstry P Sonny Gray P Walbert Urena SS Luisangel Acuna,,,
157,5259008573,mnelizondo,0,70.8,1B Jared Young 2B Michael Massey 3B Isaac Paredes C Francisco Alvarez OF Juan Soto OF Yordan Alvarez OF Tommy Pham P Taj Bradley P Sonny Gray SS Francisco Lindor,,,
158,5258293700,jjperry2408 (2/3),0,70.2,1B Salvador Perez 2B Nick Sogard 3B Caleb Durbin C Carter Jensen OF Jac Caglianone OF Roman Anthony OF John Rave P Taj Bradley P Framber Valdez SS Bobby Witt Jr.,,,
159,5258933040,pick4thewin,0,70.15,1B Spencer Torkelson 2B Javier Baez 3B Kevin McGonigle C Yainer Diaz OF Riley Greene OF Jarren Duran OF A.J. Ewing P Sonny Gray P Nolan McLean SS Jeremy Pena,,,
160,5257964090,ivymoose (1/2),2.68,69.8,1B Jared Young 2B Kody Clemens 3B Brooks Lee C Victor Caratini OF Juan Soto OF Luke Keaschall OF Emmanuel Rodriguez P Taj Bradley P Sonny Gray SS Francisco Lindor,,,
161,5258710088,mlrlfd,0,69.65,1B Willson Contreras 2B Nick Sogard 3B Josh Jung C Francisco Alvarez OF Wyatt Langford OF Carson Benge OF A.J. Ewing P Taj Bradley P Nolan McLean SS Francisco Lindor,,,
162,5258997022,cjcarlto,0.67,68.8,1B Josh Bell 2B Michael Massey 3B Maikel Garcia C Carter Jensen OF Jac Caglianone OF Max Clark OF Tommy Pham P Taj Bradley P Sonny Gray SS Bobby Witt Jr.,,,
163,5258683869,LeftyE33 (2/5),0,68.7,1B Spencer Torkelson 2B Jose Altuve 3B Isaac Paredes C Dillon Dingler OF Jac Caglianone OF Riley Greene OF Jahmai Jones P Sonny Gray P Framber Valdez SS Kevin McGonigle,,,
164,5258141861,OneDropKing (6/6),0,68.65,1B Jared Young 2B Chase Meidroth 3B Bo Bichette C Francisco Alvarez OF Juan Soto OF Randal Grichuk OF Brenton Doyle P Taj Bradley P Nolan McLean SS Francisco Lindor,,,
165,5258267772,phildo76 (1/6),2.01,68.2,1B Josh Bell 2B Kody Clemens 3B Brooks Lee C Francisco Alvarez OF Juan Soto OF Carson Benge OF A.J. Ewing P Taj Bradley P Framber Valdez SS Francisco Lindor,,,
165,5258517686,LeVerticalDFS (6/6),0,68.2,1B Jared Young 2B Gleyber Torres 3B Isaac Paredes C Francisco Alvarez OF Juan Soto OF Carson Benge OF A.J. Ewing P Taj Bradley P Framber Valdez SS Kevin McGonigle,,,
165,5258992206,mitchellmorse30 (3/6),0,68.2,1B Jared Young 2B Michael Massey 3B Maikel Garcia C Carter Jensen OF Juan Soto OF Jac Caglianone OF John Rave P Taj Bradley P Framber Valdez SS Francisco Lindor,,,
168,5258982188,Seducer (3/6),0.67,67.8,1B Kyle Schwarber 2B Luis Arraez 3B Bryson Stott C Tyler Heineman OF Juan Soto OF Justin Crawford OF Emmanuel Rodriguez P Taj Bradley P Sonny Gray SS Francisco Lindor,,,
168,5258137139,Firedog50 (4/6),0,67.8,1B Jared Young 2B Gleyber Torres 3B Kevin McGonigle C Dillon Dingler OF Riley Greene OF Zach McKinstry OF Jahmai Jones P Taj Bradley P Sonny Gray SS Francisco Lindor,,,
168,5258540488,SoccerGeek23 (3/3),0,67.8,1B Willson Contreras 2B Brett Baty 3B Caleb Durbin C Adley Rutschman OF Juan Soto OF Carson Benge OF Jahmai Jones P Taj Bradley P Sonny Gray SS Francisco Lindor,,,
171,5258254644,christal17,2.68,67.65,1B Josh Bell 2B Kody Clemens 3B Brooks Lee C Yainer Diaz OF Jac Caglianone OF Luke Keaschall OF Emmanuel Rodriguez P Taj Bradley P Nolan McLean SS Francisco Lindor,,,
171,5258141858,OneDropKing (3/6),0,67.65,1B Jared Young 2B Nicky Lopez 3B Bo Bichette C Danny Jansen OF Juan Soto OF Wyatt Langford OF Carson Benge P Taj Bradley P Nolan McLean SS Francisco Lindor,,,
173,5258855619,JRaab,1.34,67.15,1B Jared Young 2B Brett Baty 3B Brooks Lee C Carter Jensen OF Juan Soto OF Luke Keaschall OF Emmanuel Rodriguez P Sonny Gray P Nolan McLean SS Bobby Witt Jr.,,,
174,5259008581,jpkrier (3/4),2.01,66.8,1B Royce Lewis 2B Kody Clemens 3B Brooks Lee C Dillon Dingler OF Roman Anthony OF A.J. Ewing OF Emmanuel Rodriguez P Taj Bradley P Sonny Gray SS Francisco Lindor,,,
175,5258741456,nvachani (3/6),0,64.65,1B Brett Baty 2B Javier Baez 3B Kevin McGonigle C Dillon Dingler OF Riley Greene OF Carson Benge OF Zach McKinstry P Taj Bradley P Nolan McLean SS Francisco Lindor,,,
176,5258741454,nvachani (1/6),0,64.2,1B Jared Young 2B Michael Massey 3B Maikel Garcia C Carter Jensen OF Juan Soto OF Jac Caglianone OF Nick Morabito P Taj Bradley P Framber Valdez SS Bobby Witt Jr.,,,
176,5259040877,leanlyndl,0,64.2,1B Willson Contreras 2B Javier Baez 3B Bo Bichette C Francisco Alvarez OF Juan Soto OF Carson Benge OF A.J. Ewing P Taj Bradley P Framber Valdez SS Kevin McGonigle,,,
178,5258982186,Seducer (1/6),4.69,64.15,1B Josh Bell 2B Kody Clemens 3B Brooks Lee C Moises Ballesteros OF Mike Trout OF Luke Keaschall OF Emmanuel Rodriguez P Sonny Gray P Nolan McLean SS Zach Neto,,,
179,5258267773,phildo76 (2/6),0.67,63.65,1B Josh Bell 2B Chase Meidroth 3B Miguel Vargas C Jake Rogers OF Juan Soto OF Randal Grichuk OF Tommy Pham P Taj Bradley P Nolan McLean SS Francisco Lindor,,,
179,5258672777,s5clarey (1/2),0,63.65,1B Spencer Torkelson 2B Chase Meidroth 3B Bo Bichette C Francisco Alvarez OF Juan Soto OF Carson Benge OF Tommy Pham P Taj Bradley P Nolan McLean SS Francisco Lindor,,,
181,5258517684,LeVerticalDFS (4/6),0,63.5,1B Jared Young 2B Luis Arraez 3B Bryson Stott C Francisco Alvarez OF Juan Soto OF Kyle Schwarber OF Bryce Harper P Sonny Gray P Seth Lugo SS Trea Turner,,,
182,5258101989,unkydomfreebands,0.67,62.8,1B Salvador Perez 2B Michael Massey 3B Maikel Garcia C Carter Jensen OF Riley Greene OF Luke Keaschall OF Tommy Pham P Taj Bradley P Sonny Gray SS Bobby Witt Jr.,,,
182,5258940050,BullDawg18 (2/2),0,62.8,1B Willson Contreras 2B Michael Massey 3B Maikel Garcia C Adley Rutschman OF Roman Anthony OF Randal Grichuk OF Tommy Pham P Taj Bradley P Sonny Gray SS Bobby Witt Jr.,,,
184,5258552716,supremexjp,0.67,62.65,1B Salvador Perez 2B Kody Clemens 3B Maikel Garcia C Carter Jensen OF Jac Caglianone OF Emmanuel Rodriguez OF Tommy Pham P Taj Bradley P Nolan McLean SS Bobby Witt Jr.,,,
185,5258682601,LeftyE33 (1/5),0,62.55,1B Willson Contreras 2B Jose Altuve 3B Bo Bichette C Adley Rutschman OF Juan Soto OF Roman Anthony OF Jahmai Jones P Nolan McLean P Framber Valdez SS Francisco Lindor,,,
185,5258825208,Yukon2017,0,62.55,1B Spencer Torkelson 2B Michael Massey 3B Kevin McGonigle C Dillon Dingler OF Jac Caglianone OF Riley Greene OF Max Clark P Nolan McLean P Framber Valdez SS Maikel Garcia,,,
185,5258992205,mitchellmorse30 (2/6),0,62.55,1B Willson Contreras 2B Michael Massey 3B Ezequiel Duran C Carter Jensen OF Jac Caglianone OF John Rave OF Jahmai Jones P Nolan McLean P Framber Valdez SS Bobby Witt Jr.,,,
188,5258540487,SoccerGeek23 (2/3),0,61.8,1B Salvador Perez 2B Michael Massey 3B Bo Bichette C Carter Jensen OF Juan Soto OF A.J. Ewing OF Isaac Collins P Taj Bradley P Sonny Gray SS Francisco Lindor,,,
189,5258930842,rcorcoran,0,61.65,1B Salvador Perez 2B Michael Massey 3B Miguel Vargas C Carter Jensen OF Jac Caglianone OF Jahmai Jones OF Tommy Pham P Taj Bradley P Nolan McLean SS Bobby Witt Jr.,,,
190,5258137140,Firedog50 (5/6),0.67,60.8,1B Royce Lewis 2B Chase Meidroth 3B Miguel Vargas C Jake Rogers OF Riley Greene OF Randal Grichuk OF Tommy Pham P Taj Bradley P Sonny Gray SS Bobby Witt Jr.,,,
190,5258644977,JKing100,0,60.8,1B Jared Young 2B Chase Meidroth 3B Caleb Durbin C Yainer Diaz OF Juan Soto OF Randal Grichuk OF Isaac Collins P Taj Bradley P Sonny Gray SS Bobby Witt Jr.,,,
192,5258920468,staraska5,0,60.65,1B Salvador Perez 2B Nick Sogard 3B Isaac Paredes C Jake Rogers OF Jac Caglianone OF Roman Anthony OF A.J. Ewing P Taj Bradley P Nolan McLean SS Kevin McGonigle,,,
193,5258945085,MillionDollarPoker (1/3),0,60.15,1B Jared Young 2B Michael Massey 3B Bo Bichette C Francisco Alvarez OF Juan Soto OF Yordan Alvarez OF Jahmai Jones P Sonny Gray P Nolan McLean SS Francisco Lindor,,,
194,5258041993,Bird77,1.34,59.8,1B Willson Contreras 2B Nick Sogard 3B Caleb Durbin C Adley Rutschman OF Mike Trout OF Riley Greene OF Jarren Duran P Sonny Gray P Aaron Nola SS Zach Neto,,,
194,5258915996,BullDawg18 (1/2),1.34,59.8,1B Josh Bell 2B Michael Massey 3B Maikel Garcia C Dillon Dingler OF Roman Anthony OF Luke Keaschall OF Tommy Pham P Taj Bradley P Sonny Gray SS Bobby Witt Jr.,,,
196,5258061935,awen419 (2/6),2.68,59.65,1B Royce Lewis 2B Kody Clemens 3B Ezequiel Duran C Victor Caratini OF Juan Soto OF Luke Keaschall OF Emmanuel Rodriguez P Taj Bradley P Nolan McLean SS Corey Seager,,,
197,5258921831,kperkins017,0,59.15,1B Jared Young 2B Javier Baez 3B Bo Bichette C Francisco Alvarez OF Juan Soto OF Yordan Alvarez OF Riley Greene P Sonny Gray P Nolan McLean SS Luisangel Acuna,,,
198,5259059269,uncfeliz,0,58.8,1B Willson Contreras 2B Chase Meidroth 3B Miguel Vargas C Yainer Diaz OF Roman Anthony OF Randal Grichuk OF Tommy Pham P Nolan McLean P Erick Fedde SS Bobby Witt Jr.,,,
199,5258185008,gritty_grinder,0,57.15,1B Willson Contreras 2B Michael Massey 3B Caleb Durbin C Carter Jensen OF Jac Caglianone OF Emmanuel Rodriguez OF Jahmai Jones P Sonny Gray P Nolan McLean SS Bobby Witt Jr.,,,
200,5258468307,JLove2279,0,56.55,1B Jared Young 2B Brett Baty 3B Maikel Garcia C Carter Jensen OF Juan Soto OF Jac Caglianone OF Isaac Collins P Nolan McLean P Framber Valdez SS Bobby Witt Jr.,,,
201,5258517683,LeVerticalDFS (3/6),0,56,1B Jared Young 2B Michael Massey 3B Bo Bichette C Carter Jensen OF Juan Soto OF Carson Benge OF A.J. Ewing P Taj Bradley P Seth Lugo SS Bobby Witt Jr.,,,
202,5258140458,bundafever,0.67,54.15,1B Josh Bell 2B Javier Baez 3B Kevin McGonigle C Francisco Alvarez OF Juan Soto OF Riley Greene OF Tommy Pham P Sonny Gray P Nolan McLean SS Francisco Lindor,,,
203,5258784477,moklovin (4/6),0,54,1B Kyle Schwarber 2B Michael Massey 3B Maikel Garcia C Carter Jensen OF Juan Soto OF Isaac Collins OF Jahmai Jones P Taj Bradley P Seth Lugo SS Bobby Witt Jr.,,,
204,5258784475,moklovin (2/6),2.01,52,1B Royce Lewis 2B Kody Clemens 3B Bo Bichette C Francisco Alvarez OF Juan Soto OF Carson Benge OF Luke Keaschall P Taj Bradley P Seth Lugo SS Francisco Lindor,,,
205,5258739646,dd416,0,48.5,1B Alec Bohm 2B Javier Baez 3B Kevin McGonigle C Yainer Diaz OF Juan Soto OF Jac Caglianone OF Roman Anthony P Sonny Gray P Seth Lugo SS Maikel Garcia,,,
206,5258885364,marcsnichols (2/3),0,46.15,1B Brett Baty 2B Michael Massey 3B Caleb Durbin C Francisco Alvarez OF Juan Soto OF Jac Caglianone OF A.J. Ewing P Sonny Gray P Nolan McLean SS Francisco Lindor,,,
